CHE,CC,CTR,PCS,CTD,MTD
1.9209272727272733,7.75,1.2179613636363635,0.3588318181818182,0.6880387807601284,1.4425253686577437
