TPSD,DICD,LD
2.5999999999999996,129.5,0.8607954545454546
