CHE,CC,CTR,PCS,CTD,MTD
1.9856545454545456,8.340909090909092,1.219559090909091,0.3755818181818182,0.6379051636010992,1.433076920521196
